100,50,3,0,VNU88022,Internacional,Narracion,Victor Ostrovsky,Por el camino de la decepcion
100,50,3,0,VND27988,Internacional,Narracion,Robert Bloch,Cuentos De Humor Negro
100,50,3,0,JEG12598,Internacional,Poesia,Dyer Wayner,Tus zonas erróneas
100,50,3,0,QET73776,Nacional,Teatro,Osvaldo Bayer,Fútbol argentino
100,50,3,0,QBH39817,Nacional,Narracion,Juan Gelman,El juego en que andamos
100,50,3,0,QXS26963,Internacional,Teatro,Max Weber,Sociologí­a de la Religión
100,50,3,0,RLN93315,Nacional,Poesia,Juan Gelman,Velorio del solo
100,50,3,0,SHH86116,Internacional,Teatro,Mauricio Xandro,Grafologia Elemental
100,50,3,0,DUR88693,Internacional,Poesia,Charles,Bukowski
100,50,3,0,RNU36761,Nacional,Poesia,Julio Cortazar,Las Armas Secretas
100,50,3,0,ZEC34867,Nacional,Poesia,Roberto Fontanarrosa,Te digo más...
100,50,3,0,VPQ54287,Internacional,Teatro,Roberto Bolaño,El Gaucho Insufrible
100,50,3,0,FMP74509,Internacional,Poesia,A.A Attanasio,El Lobo Y La Corona
100,50,3,0,SXK78186,Nacional,Poesia,Macedonio Fernandez,Epistolario
100,50,3,0,KQY46173,Internacional,Teatro,Daniel Defoe,El Diario Del Año De La Peste
100,50,3,0,PCK96513,Internacional,Teatro,Andrew Klavan,Ejecución Inminente
100,50,3,0,RMZ29232,Internacional,Teatro,Arthur Conan Doyle,El regreso de sherlock holmes
100,50,3,0,TAX66088,Internacional,Teatro,John Gray,Los hombres son de Marte las mujeres de Venus
100,50,3,0,SVG41033,Internacional,Narracion,J J Benitez,Caballo de Troya
100,50,3,0,QLV70046,Internacional,Teatro,Mijail Bakunin,El Patriotismo
100,50,3,0,RQN38536,Internacional,Poesia,Dan Brown,La_conspiracion
100,50,3,0,FJP65560,Nacional,Narracion,Alfonsina Storni,El hijo
100,50,3,0,RUJ45866,Nacional,Teatro,Roberto Arlt,El juguete rabioso
100,50,3,0,XKD12309,Internacional,Teatro,Alvin Toffler,La Creacion De La Nueva Civilizacion
100,50,3,0,HCX55181,Nacional,Poesia,Adolfo Bioy Casares,La invención de Morel
100,50,3,0,CIW40789,Internacional,Narracion,Isabel Allende,De amor y de sora
100,50,3,0,NMU10793,Nacional,Teatro,Julio Cortazar,Rayuela
100,50,3,0,WRW18364,Internacional,Narracion,Jorge Isaacs,Marí­a
100,50,3,0,WZA50836,Internacional,Poesia,Jose Zorrilla,Leyendas Y Tradiciones
100,50,3,0,VXO89450,Internacional,Poesia,Thomas H Cook,El Misterio de la Laguna Negra
100,50,3,0,PNB60837,Nacional,Poesia,Juan Filloy,Sagesse
100,50,3,0,NYU85382,Internacional,Poesia,Juan J Rosseau,Emilio o la Educación
100,50,3,0,LIW82306,Internacional,Teatro,Roberto Bolaño,2666
100,50,3,0,VUP58056,Internacional,Narracion,Alvin Toffler,La Empresa Flexible
100,50,3,0,CIV44548,Nacional,Teatro,Horacio Quiroga,El crimen del otro
100,50,3,0,PGB96063,Internacional,Poesia,Pedro Calderón de la Barca,La vida es sueño
100,50,3,0,SHR27961,Internacional,Narracion,Alejandro Dumas,La Dama de las camelias
100,50,3,0,FBE23744,Nacional,Poesia,Adolfo Bioy Casares,De un mundo a otro
100,50,3,0,WGI56371,Internacional,Poesia,Arthur Conan Doyle,El sabueso de los Baskerville
100,50,3,0,TBN51552,Internacional,Poesia,Carl Sagan,Contacto
100,50,3,0,GYG44800,Internacional,Teatro,Stefanie Zweig,En un lugar de Africa
101,41,7,0,UMS35926,Internacional,Teatro,Fiodor Dostoiewski,Noches Blancas
101,41,7,0,YCW87468,Internacional,Teatro,Jennifer Blake,Serenata
101,41,7,0,RNP61387,Nacional,Teatro,Ricardo Piglia,Respiración artificial
101,41,7,0,FBJ29400,Nacional,Teatro,Julio Cortazar,Cuentos Completos
101,41,7,0,YFC48065,Nacional,Narracion,Horacio Quiroga,Las sacrificadas
101,41,7,0,UYX00776,Internacional,Poesia,Virgilio,Eneida
101,41,7,0,PZU96306,Nacional,Poesia,Ricardo Guiraldes,Don segundo sombra
101,41,7,0,MFE20271,Internacional,Narracion,Pedro Lemebel,De Perlas Y Cicatrices
101,41,7,0,GHG10514,Internacional,Teatro,Donna Tartt,El secreto
101,41,7,0,NCX14154,Internacional,Poesia,Federico Schiller,Guillermo Tell
101,41,7,0,DHS10587,Internacional,Poesia,Vladimir Nabokov,Lolita
101,41,7,0,VPJ81667,Internacional,Teatro,William Goldin,El Señor de las moscas
101,41,7,0,PRI65864,Internacional,Poesia,Louisa May Alcott,Mujercitas
101,41,7,0,VTW75087,Internacional,Poesia,Ovidio,Metamorfosis
101,41,7,0,SGP09426,Internacional,Poesia,Arthur C Clarke,Antes del Eden
101,41,7,0,JKP40274,Internacional,Narracion,Mary W Shelley,Frankenstein
101,41,7,0,OBP89256,Internacional,Teatro,Timothy Zahn,Star Wars
101,41,7,0,DDV35333,Internacional,Narracion,Jorge Edwards,Los Zulues
101,41,7,0,DFV40090,Nacional,Poesia,Horacio Quiroga,Los desterrados
101,41,7,0,CCK05995,Internacional,Poesia,Charles Bukowsky,La senda del perdedor
101,41,7,0,KKY20530,Internacional,Teatro,Roberto Bolaño,Nocturno De Chile
101,41,7,0,ZCB52827,Internacional,Teatro,Patricia Verdugo,La Caravana De La Muerte
101,41,7,0,BCS14540,Nacional,Narracion,Jose Pablo Feinmann,Carter New York
101,41,7,0,ZRR61216,Internacional,Poesia,John Case,Código Génesis
101,41,7,0,TJV90980,Internacional,Teatro,Flavio Josefo,Las guerras de los Judí­os
101,41,7,0,ZYW05899,Internacional,Narracion,Anderson & Leiber & Silverberg,El Planeta Loco
101,41,7,0,DKF50205,Internacional,Narracion,Albert Einstein,Sobre la Teoría de la Relatividad
101,41,7,0,EGU78556,Nacional,Narracion,Horacio Quiroga,Más allá
101,41,7,0,JUR39812,Nacional,Poesia,Roberto Fontanarrosa,El mundo ha vivido equivocado
101,41,7,0,JPT58474,Nacional,Teatro,Alejandra Pizarnik,Las aventuras perdidas
101,41,7,0,KOY75387,Internacional,Teatro,Juan Rulfo,El llano en llamas
101,41,7,0,NIR37183,Internacional,Narracion,Pablo Azaghal Gines,El Otro Lado La Ciencia De Los Anillos
101,41,7,0,HMQ18648,Internacional,Narracion,Janet Dailey,El intruso
101,41,7,0,JTL80120,Internacional,Teatro,GW Hegel,Fenomenologia Del Espiritu
101,41,7,0,QCD51439,Nacional,Teatro,Rodolfo Walsh,Quien mato a rosendo
101,41,7,0,ACT99936,Internacional,Poesia,Gustavo Adolfo Becquer,Obras Completas
101,41,7,0,LEP56512,Internacional,Narracion,James Joyce,ulises
101,41,7,0,JVM24609,Nacional,Poesia,Juan Filloy,Sexamor
101,41,7,0,ZPE17365,Internacional,Narracion,Oscar Wilde,El abanico de Lady Windermere
102,38,4,8,HHW49811,Internacional,Teatro,Julio Verne,Aventura de tres Rusos y tres Ingleses
102,38,4,8,KUA87944,Nacional,Poesia,Felipe Pigna,Mujeres tenían que ser
102,38,4,8,PTD38006,Internacional,Poesia,John Milton,El paraí­so pérdido
102,38,4,8,IZZ83005,Nacional,Teatro,Osvaldo Soriano,A sus plantas rendido un león
102,38,4,8,AMI24091,Nacional,Teatro,Jorge Luis Borges,Ficciones
102,38,4,8,ECB50534,Internacional,Poesia,Johnson Spencer,Quien se ha llevado mi queso
102,38,4,8,JVZ40302,Nacional,Narracion,Juan Gelman,Citas y Comentarios
102,38,4,8,FMU79541,Internacional,Narracion,Umberto Eco,El Péndulo De Foucault
102,38,4,8,SGT02762,Internacional,Narracion,Umberto Eco,El Nore de la Rosa
102,38,4,8,FCI50899,Nacional,Teatro,Adolfo Bioy Casares,Diario de la guerra del cerdo
102,38,4,8,WCS33031,Internacional,Poesia,Len Deighton,El juego de Berlin
102,38,4,8,ZWJ08273,Internacional,Teatro,Pitagoras,Versos aureos
102,38,4,8,EWU06076,Internacional,Poesia,Roberto Bolaño,Putas Asesinas
102,38,4,8,FKN37306,Internacional,Teatro,William Shakespeare,Sonetos de amor
102,38,4,8,VJM73056,Internacional,Teatro,Samuel Aun,Mirando misterio
102,38,4,8,VWF24088,Nacional,Narracion,Adolfo Bioy Casares,Dormir al sol
102,38,4,8,NHA13686,Internacional,Teatro,Og Mandino,Operacion Jesucristo
102,38,4,8,CBS50033,Internacional,Narracion,JL Austin,Como Hacer Cosas Con Palabras
102,38,4,8,BRC76756,Nacional,Poesia,Rodolfo Walsh,Variaciones en rojo
102,38,4,8,XFA38344,Internacional,Teatro,Morris West,Proteo
102,38,4,8,AFF59239,Internacional,Poesia,J J Benitez,La Rebelión de Lucifer
102,38,4,8,PHL72909,Internacional,Poesia,Sun Tzu,El Arte de la Guerra
102,38,4,8,QIC78091,Nacional,Narracion,Alejandra Pizarnik,El infierno musical
102,38,4,8,XLC50301,Nacional,Teatro,Juan Gelman,Violín y otras cuestiones
102,38,4,8,YBR77271,Nacional,Narracion,Horacio Quiroga,Los arrecifes de coral
102,38,4,8,ONF37572,Nacional,Poesia,Juan Gelman,Gotán
102,38,4,8,OTL86501,Internacional,Narracion,Daniel Defoe,El Diablo y el relojero
102,38,4,8,CWM08611,Nacional,Teatro,Alfonsina Storni,Mascarilla y Trébol: Círculos imantados
102,38,4,8,ZEP09424,Nacional,Narracion,Horacio Quiroga,Anaconda
102,38,4,8,YVY05955,Nacional,Teatro,Jose Pablo Feinmann,La astucia de la razón
102,38,4,8,ONK54932,Internacional,Narracion,Richard Preston,Zona Caliente
102,38,4,8,GUK76660,Internacional,Narracion,Bruce Sterling,La Caza de Hackers
102,38,4,8,ZIV60667,Internacional,Poesia,San Ignacio de Loyola,Autobiografí­a
102,38,4,8,IIJ41384,Internacional,Teatro,Arthur C Clarke,El centinela
102,38,4,8,MDP59168,Internacional,Teatro,Brian Weiss,Muchas Vidas Muchos Maestros
102,38,4,8,MRM80837,Internacional,Narracion,Julio Verne,La vuelta al mundo en 80 días
102,38,4,8,FSK03308,Internacional,Teatro,Platón,El mito de la caverna
102,38,4,8,CJB25089,Nacional,Poesia,Arturo Jauretche,El Plan Prebisch: retorno al coloniaje
102,38,4,8,KAA94980,Internacional,Narracion,León Tolstoi,Ana Karenina
102,38,4,8,FAU30616,Internacional,Poesia,Robert Mawson,Hijos de Lázaro [rtf]
102,38,4,8,GZT62335,Internacional,Teatro,Hector Alvarez Murena,El centro del infierno
102,38,4,8,UPE69253,Internacional,Teatro,John Grisham,El socio
102,38,4,8,ZKS98145,Internacional,Teatro,James Joyce,Dublineses
102,38,4,8,OUI77624,Nacional,Narracion,Arturo Jauretche,El Paso de los Libres
102,38,4,8,ORB30227,Nacional,Narracion,Ernesto Guevara,La Guerra de Guerrillas
102,38,4,8,VNJ25369,Internacional,Poesia,Platon,La Republica
102,38,4,8,VOW87169,Nacional,Poesia,David Viñas,Dar la cara
102,38,4,8,XOD17789,Internacional,Narracion,Jorge Edwards,Cuentos
102,38,4,8,ORW73166,Internacional,Poesia,Edgar Allan Poe,Gato Negro
102,38,4,8,ESZ71204,Internacional,Poesia,José Martí­,Amistad Funesta
103,47,1,4,SFN42469,Internacional,Teatro,Elena Cabrejas,Algo habrán hecho
103,47,1,4,DCP58846,Internacional,Narracion,Javier Lorenzo,El Ultimo Soldurio v
103,47,1,4,XAW09264,Internacional,Narracion,Edgar Allan Poe,El Escarabajo de Oro
103,47,1,4,JLR47133,Internacional,Narracion,Robert Jordan,La rueda del tiempo El ojo del mundo
103,47,1,4,COE18915,Internacional,Narracion,Steve Perry,Soras del Imperio
103,47,1,4,KCB11343,Internacional,Poesia,Socrates,Apologí­a
103,47,1,4,JAP56480,Internacional,Teatro,Albert Einstein,Este Es Mi Pueblo
103,47,1,4,TTE87229,Internacional,Teatro,Stephen Hawking,El universo en una cascara de nuez
103,47,1,4,BGA86627,Internacional,Teatro,Charles Bukowski,El cartero
103,47,1,4,LLJ15493,Internacional,Poesia,Leon Tolstoi,Cristianismo Y Anarquismo
103,47,1,4,IHT59153,Internacional,Narracion,Aristoteles,Moral a Eudemo
103,47,1,4,DDU15286,Internacional,Poesia,Nostradamus,Profesías de Nostradamus
103,47,1,4,HTB84535,Internacional,Teatro,Warren Nancy,Un Poco De DiversionRTF
103,47,1,4,POV07061,Internacional,Narracion,Platón,Sócrates
103,47,1,4,LPS79252,Internacional,Narracion,Jose Argulles,El Descubrimiento De La Ley Del Tiempo
103,47,1,4,LNW30150,Internacional,Narracion,Martí­n Gil,Agua Mansa
103,47,1,4,XWB15882,Internacional,Teatro,Silvina Ocampo,Los que aman odian
103,47,1,4,BDK00946,Internacional,Teatro,Jose Donoso,Sueños De Mala Muerte
103,47,1,4,UAQ08442,Internacional,Narracion,Julio Verne,Ante la bandera
103,47,1,4,LKZ91707,Internacional,Narracion,Lord Badmigton,Manual Nacional de cortesia sexual
103,47,1,4,NVU66730,Nacional,Teatro,Juan Gelman,Traducciones III. Los poemas de Sydney West
103,47,1,4,FCD48960,Internacional,Narracion,Patricia D Cornwell,La Granja De Cuerpos
103,47,1,4,PAH37499,Internacional,Teatro,L Pauweds y J Bergier,La rebelion de los brujos
103,47,1,4,GNF49365,Internacional,Poesia,Sixto Paz,Una Insolita Invitacion
103,47,1,4,LAX76331,Nacional,Poesia,Juan Gelman,Fábulas
103,47,1,4,YIU02024,Nacional,Poesia,Osvaldo Bayer,En camino al paraíso
103,47,1,4,MDD12671,Internacional,Teatro,Roald Dahl,El gran caiazo
103,47,1,4,JNK14008,Internacional,Narracion,HG Wells,La guerra de los mundos
103,47,1,4,ESB88572,Nacional,Poesia,Horacio Quiroga,Diario de viaje a París
103,47,1,4,FQT17220,Internacional,Narracion,Dan Brown,El Codigo Da Vinci
103,47,1,4,LRI59446,Nacional,Teatro,Roberto Arlt,Los lanzallamas
103,47,1,4,FZD65450,Internacional,Poesia,Friedrich Nietzche,De mi vida
103,47,1,4,MWL49411,Internacional,Narracion,Nicolás Maquiavelo,El prí­ncipe
103,47,1,4,TKW30601,Internacional,Poesia,Miguel De Unamuno,Abel Sanchez
103,47,1,4,WFK40230,Internacional,Poesia,Michael Crichton,Devoradores de cadaveres
103,47,1,4,FYE38964,Nacional,Poesia,Felipe Pigna,Pasado en Presente
103,47,1,4,FFD31378,Internacional,Teatro,Pablo Alonso de Avecilla,La conquista del Peru
103,47,1,4,MLY10012,Nacional,Narracion,Domingo Faustino Sarmiento,Facundo
103,47,1,4,GPQ88856,Internacional,Teatro,Victor Hugo,Nuestra señora de Parí­s
103,47,1,4,DDG27187,Internacional,Poesia,Pablo Neruda,Residencia En La Tierra
103,47,1,4,SIY17197,Internacional,Narracion,Charles Dickens,El Guardaví­a
103,47,1,4,ZXY15519,Nacional,Teatro,Arturo Jauretche,Los profetas del Odio y la Yapa
103,47,1,4,VBL79124,Nacional,Teatro,Felipe Pigna,Historia. El mundo contemporáneo
103,47,1,4,CIC71865,Internacional,Poesia,Linda Howard,Premonición Mortal
103,47,1,4,QEK80357,Internacional,Teatro,Salvador Allende,Su Ultimo Discurso
104,20,5,4,VOD09740,Nacional,Teatro,David Viñas,Hombres de a caballo
104,20,5,4,XAD27595,Nacional,Narracion,Juan Gelman,Hechos y relaciones
104,20,5,4,MMZ10223,Internacional,Poesia,Jose Ingenieros,Los precursores
104,20,5,4,SOR48745,Internacional,Teatro,Picknett Lynn,La Revelacion De Los Templarios
104,20,5,4,DGG87489,Internacional,Teatro,Carola de Goya,Los Sietes
104,20,5,4,MPJ52347,Nacional,Poesia,Juan Jose Saer,Cicatrices
104,20,5,4,NDU69887,Nacional,Teatro,Macedonio Fernandez,Una novela que comienza
104,20,5,4,GWI48180,Internacional,Poesia,Anónimo,Lazarillo de Tormes
104,20,5,4,RPM97732,Nacional,Teatro,Horacio Quiroga,El desierto
104,20,5,4,QRS03345,Nacional,Poesia,Horacio Quiroga,Suelo natal
104,20,5,4,LZI00358,Internacional,Poesia,JK Rowling,Harry Potter y el Principe Mestizo
104,20,5,4,XOY06721,Internacional,Narracion,Pablo Neruda,Confieso Que He Vivido
104,20,5,4,GFL05201,Internacional,Teatro,Lovecraft,La antología
104,20,5,4,LKN67136,Nacional,Teatro,Horacio Quiroga,Cuentos de la selva
104,20,5,4,LPB27460,Internacional,Narracion,Federico Garcia Lorca,Bodas de Sangre
104,20,5,4,XIJ58378,Internacional,Poesia,Carl Marx & F Engels,Manifiesto del partido comunista
104,20,5,4,EDR00714,Internacional,Teatro,Mario Vargas Llosa,Cabrera Infante
104,20,5,4,QPE06374,Internacional,Narracion,Emmanuel Kant,Crítica de la razón pura
104,20,5,4,KNU02527,Internacional,Poesia,Robert L Stevenson,La isla del tesoro
104,20,5,4,LWF34758,Internacional,Poesia,Ubaldo Gomez,La estirpe de Jesus
104,20,5,4,NCA37872,Nacional,Narracion,Roberto Arlt,Los siete locos
104,20,5,4,BPR57591,Nacional,Teatro,Juan Filloy,La potra
104,20,5,4,ASY71052,Internacional,Teatro,Nicanor Parra,Poemas Y Antipoemas
104,20,5,4,WBR09934,Internacional,Teatro,Larry Collins,Juego mortal
104,20,5,4,CHO02553,Internacional,Poesia,Stephen Hawking,Historia del Tiempo
104,20,5,4,WMH76609,Nacional,Poesia,Felipe Pigna,Historia confidencial
104,20,5,4,FCU45799,Internacional,Poesia,Pablo Neruda,Cien sonetos de amor
104,20,5,4,FBH49502,Internacional,Poesia,Jose Zorrilla,El Puñal Del Godo
104,20,5,4,UBR02638,Internacional,Narracion,Charles Dickens,Cuento de navidad
104,20,5,4,VTO76556,Nacional,Poesia,Julio Cortazar,Un Tal Lucas
104,20,5,4,ZUT12503,Internacional,Poesia,Timothy Zahn,Star Wars
104,20,5,4,GLP55433,Nacional,Narracion,David Viñas,Cuerpo a cuerpo
104,20,5,4,VVM15496,Nacional,Narracion,Juan Jose Saer,El limonero real
104,20,5,4,POD69631,Internacional,Poesia,Francisco de Quevedo,Historia de la vida del buscón
104,20,5,4,ADN50476,Internacional,Teatro,Mario Vargas Llosa,Cartas a Un Joven Novelista
104,20,5,4,SNT62433,Nacional,Narracion,David Viñas,Un Dios cotidiano
104,20,5,4,QUB82977,Internacional,Teatro,Moliere,El Enfermo imaginario
104,20,5,4,DHD91419,Nacional,Teatro,Juan Gelman,Relaciones
104,20,5,4,VXS13093,Internacional,Narracion,Friedrich Nietzsche,Más allá del bien y del mal
104,20,5,4,WLS21709,Internacional,Narracion,Kenizé Mourad,De parte de la princesa muerta
104,20,5,4,UXJ42380,Nacional,Narracion,Juan Bautista Alberdi,Belgrano y sus historiadores. Facundo y su biógrafo
104,20,5,4,FMA27760,Nacional,Narracion,Paco Urondo,Son memorias
104,20,5,4,MYC42395,Internacional,Narracion,Hermann Hesse,Lobo Estepario
104,20,5,4,ZBK09508,Internacional,Teatro,Sófocles,Antí­gonas
104,20,5,4,SSC47826,Nacional,Poesia,Alejandra Pizarnik,Poseídos entre lilas
104,20,5,4,UCK21357,Internacional,Narracion,Sixto Paz,Antiprofecia
104,20,5,4,OLU52746,Nacional,Teatro,Raul Gonzalez Tuñon,Miércoles de ceniza
104,20,5,4,FXG88513,Internacional,Poesia,Gabriel García Márquez,El otoño del patriarca
104,20,5,4,SXW86259,Internacional,Narracion,Jose Donoso,El Tiempo Perdido
104,20,5,4,XRO57330,Internacional,Teatro,Paul Auster,Fantasmasrtf
104,20,5,4,TLC64852,Internacional,Teatro,Ray Bradbury,Caleidoscopio
105,49,4,6,BLC64356,Nacional,Narracion,Osvaldo Soriano,Triste solitario y final
105,49,4,6,QOM52698,Internacional,Narracion,SAMAEL AUN WEOR,El Libro de los Muertos
105,49,4,6,SPH36467,Nacional,Narracion,Julio Cortazar,La Otra Orilla
105,49,4,6,HHX41241,Internacional,Poesia,Hans Christian Andersen,El caracol y el rosal
105,49,4,6,IRZ35527,Internacional,Teatro,Spencer Johnson,Quien se ha llevado mi queso
105,49,4,6,BEZ62664,Internacional,Narracion,Mark Twain,Un yanki en la corte del rey Arturo
105,49,4,6,XIE35354,Nacional,Poesia,José Hernández,Martín Fierro
105,49,4,6,HNP39575,Internacional,Poesia,Lope De Vega,La Buena Guarda
105,49,4,6,UPM39774,Internacional,Teatro,Michael Blake,Danza con lobos
105,49,4,6,XOH64745,Nacional,Narracion,Tomas Eloy Martinez,La mano del amo
105,49,4,6,QRD37571,Nacional,Teatro,Abelardo Castillo,El que tiene sed
105,49,4,6,FWP70766,Nacional,Poesia,Osvaldo Soriano,Cuarteles de invierno
105,49,4,6,TWR29009,Nacional,Teatro,Osvaldo Soriano,No habrá más penas ni olvido
105,49,4,6,CXY71689,Internacional,Narracion,A.A Attanasio,El Dragon Y El Unicornio
105,49,4,6,CGM57525,Internacional,Narracion,George Orwell,1984
105,49,4,6,BFY71605,Internacional,Poesia,Robert L Stevenson,El Dr Jekyll y Mr Hyde
105,49,4,6,YVQ26949,Internacional,Teatro,James Redfield,La Novena Revelacion
105,49,4,6,TDK21969,Nacional,Teatro,Alejandra Pizarnik,Un signo en tu sombra
105,49,4,6,SNV31591,Nacional,Poesia,Felipe Pigna,Libertadores de América
105,49,4,6,NTP61146,Nacional,Poesia,Julio Cortázar,Las armas secretas
105,49,4,6,ZEQ71721,Internacional,Poesia,Joanne Harris,La abadí­a de los acróbatas
105,49,4,6,XBF33433,Nacional,Poesia,Roberto Fontanarrosa,No sé si he sido claro
105,49,4,6,NYQ18288,Internacional,Poesia,Pablo Neruda,20 Poemas De Amor Y Una Cancion Desesperada
105,49,4,6,JAT25133,Internacional,Teatro,Robert Holdstock,Bosque Mitago
105,49,4,6,PRE82938,Internacional,Narracion,Neal Stephenson,Criptonomicon II – El Código Pontifex
105,49,4,6,XYL15383,Internacional,Poesia,Margaret Weis & Tracy Hickman,Ciclo De La Puerta De La Muerte
105,49,4,6,DGQ29339,Internacional,Narracion,Mario Vargas Llosa,El Paraiso En La Otra Esquina
105,49,4,6,DQN55689,Nacional,Narracion,Ricardo Piglia,Plata quemada
105,49,4,6,VQY90865,Internacional,Poesia,Albert Einstein,Mis Creencias
106,15,3,3,BAW70080,Internacional,Poesia,Neil Olson,El Icono Sagrado
106,15,3,3,IOH79285,Internacional,Teatro,Franz Kafka,Carta a su padre
106,15,3,3,VOY66965,Internacional,Narracion,Emilio Zola,Germinal
106,15,3,3,KTP24894,Internacional,Poesia,Octavio Paz,El Ritmo
106,15,3,3,XOB96764,Internacional,Poesia,Alejandro Dumas,El conde de Montecristo
106,15,3,3,VTN83647,Internacional,Teatro,Charles Darwin,Viaje de un naturalista
106,15,3,3,TDP29477,Nacional,Narracion,Juan Jose Saer,Nadie nada nunca
106,15,3,3,RIC14012,Nacional,Narracion,Arturo Jauretche,Política y Economía
106,15,3,3,UIS43553,Nacional,Poesia,David Viñas,Cayó sobre su rostro
106,15,3,3,PKN95451,Internacional,Teatro,Rupert Furneaux,Los grandes enigmas del universo
106,15,3,3,PJV83286,Nacional,Narracion,Juan Jose Saer,La pesquisa
106,15,3,3,GJY87415,Internacional,Teatro,Alfonsina Storni,Dos palabras
106,15,3,3,JIQ55556,Internacional,Teatro,Gabriel Garcia Marquez,El Amor en los Tiempos del Colera
106,15,3,3,VGH12478,Internacional,Narracion,Platón,La républica
106,15,3,3,PKX36056,Nacional,Poesia,Paco Urondo,La Perichole
106,15,3,3,PLE62965,Internacional,Narracion,Mauricio Xandro,Grafologia Superior Parte 1
106,15,3,3,AIR25519,Nacional,Narracion,Juan Bautista Alberdi,Estudios económicos
106,15,3,3,LPZ61599,Nacional,Teatro,Jose Pablo Feinmann,La crítica de las armas
106,15,3,3,CDQ81100,Internacional,Poesia,Mario Puzo,El Ultimo Don
106,15,3,3,NYU68371,Nacional,Poesia,Adolfo Bioy Casares,Un campeón desparejo
106,15,3,3,HKF31291,Internacional,Teatro,William Shakespeare,El rey Lear
106,15,3,3,CPP61197,Internacional,Narracion,David Viñas,David Viñas
106,15,3,3,DZF03290,Nacional,Poesia,Julio Cortazar,Los Venenos
106,15,3,3,EQJ94410,Internacional,Poesia,Thomas Gordon,Mossad la historia secreta
106,15,3,3,FMM14328,Nacional,Poesia,Jorge Luis Borges,Historia universal de la infamia
107,43,2,5,UON96523,Internacional,Teatro,Charles Dickens,El grillo del hogar
107,43,2,5,XIQ72661,Internacional,Poesia,Juan Valera,Pepita Jiménez
107,43,2,5,SJP47540,Internacional,Teatro,Vicent Van Gogh,Ultimas Cartas Desde La Locura
107,43,2,5,KXT18894,Internacional,Narracion,Francisco López de Gómara,Historia general de las Indias
107,43,2,5,YBX46509,Internacional,Teatro,Dante Alighieri,La Vida Nueva
107,43,2,5,IGB37382,Internacional,Teatro,Sor Juana Inés de la Cruz,Cartas
107,43,2,5,XNN09484,Nacional,Narracion,Paco Urondo,Nombres
107,43,2,5,ISG38271,Internacional,Poesia,Lao Tse,Tao Te King
107,43,2,5,MDI30998,Internacional,Narracion,Lev Grossman,El Codice Secreto
107,43,2,5,NWA57482,Internacional,Narracion,Moliere,El Avaro
107,43,2,5,BEP37063,Internacional,Narracion,Nicholas Wilcox,Trilogia Templaria 2 – Las Tropetas de Jerico
107,43,2,5,HLE59767,Internacional,Poesia,Robert Jordan,La rueda del tiempo Los héroes
107,43,2,5,SEK67747,Internacional,Narracion,San Agustin,La Ciudad De Dios
107,43,2,5,NOP83493,Nacional,Narracion,Paco Urondo,Del otro lado
107,43,2,5,LBR86882,Nacional,Teatro,Osvaldo Bayer,Severino Di Giovanni el idealista de la violencia
107,43,2,5,SZW90106,Internacional,Narracion,Geoffrey Chaucer,Cuentos de Canterbury
107,43,2,5,PDG49491,Nacional,Narracion,Horacio Quiroga,El salvaje
107,43,2,5,FZG65963,Nacional,Poesia,Domingo Faustino Sarmiento,Campaña en el Ejército grande
107,43,2,5,KBV67271,Internacional,Poesia,Ernest Hemingway,Fiesta
107,43,2,5,LMU16160,Internacional,Teatro,Sófocles,Edipo rey
107,43,2,5,QDR00215,Nacional,Teatro,Tomas Eloy Martinez,El cantor de tango
107,43,2,5,EMP35254,Internacional,Narracion,GW Hegel,El Concepto De La Experiencia
107,43,2,5,IIZ75330,Internacional,Narracion,Ray Bradbury,Cronicas Marcianas
107,43,2,5,HVV90901,Internacional,Narracion,José Saramago,El Cuento de la Isla Desconocida
107,43,2,5,PQQ05134,Internacional,Narracion,Lucio Anneo Séneca,De la ira
107,43,2,5,DAY14809,Nacional,Narracion,Esteban Echeverria,Los consuelos
107,43,2,5,FZJ62801,Internacional,Teatro,Giovanni Boccaccio,Decamerón
107,43,2,5,EEO11360,Internacional,Poesia,Mark Twain,El principe y el mendigo
107,43,2,5,EST12868,Nacional,Narracion,Macedonio Fernandez,Museo de la Novela de la Eterna
107,43,2,5,TAP27487,Internacional,Teatro,Jo Beverly,Magia Prohibida
107,43,2,5,OOR53684,Internacional,Poesia,Federico Schiller,María Estuardo
107,43,2,5,DOF82870,Internacional,Narracion,Friedrich Nietzsche,Así­ habló Zaratustra
107,43,2,5,HVF52633,Nacional,Teatro,Horacio Quiroga,Pasado amor
107,43,2,5,GKO00674,Internacional,Poesia,Arthur Conan Doyle,El mundo pérdido
107,43,2,5,TMI41160,Internacional,Narracion,Olga Lengyel,Los Hornos de Hitler
107,43,2,5,IYH77234,Internacional,Poesia,James Redfield,La undecima Revelacion
107,43,2,5,CZJ30425,Internacional,Narracion,Lope De Vega,La Bella Aurora
107,43,2,5,MTR55812,Internacional,Teatro,Thomas Harris,El silencio de los inocentes
107,43,2,5,JHG22350,Nacional,Poesia,David Viñas,Tartabul
107,43,2,5,ZZI61742,Internacional,Teatro,Platón,Eutidemo
107,43,2,5,LXQ40871,Nacional,Poesia,Osvaldo Bayer,Obras completas
107,43,2,5,YFE03001,Internacional,Narracion,Emilio Zola,Yo acuso
107,43,2,5,NIG42520,Nacional,Poesia,Domingo Faustino Sarmiento,Legislación y progresos en Chile
107,43,2,5,AVB60198,Nacional,Poesia,Julio Cortazar,La Noche Boca Arriba
107,43,2,5,OGW29503,Internacional,Teatro,Rhonda byrne,El secreto La ley de atraccion
107,43,2,5,NRY45152,Internacional,Teatro,Voltaire,Historia de un buen Brahma
107,43,2,5,CNM88025,Internacional,Poesia,Francis Scott Fitzgerald,El Gran Gatsby
107,43,2,5,IDH97545,Internacional,Teatro,Jane Austen,Emma
107,43,2,5,UNP31487,Nacional,Poesia,Alejandra Pizarnik,Extracción de la piedra de locura
108,37,0,8,HDR34712,Internacional,Narracion,Isabel De Armas,Ser Mujer En El Opus Dei
108,37,0,8,ADU22000,Nacional,Teatro,Adolfo Bioy Casares,El sueño de los héroes
108,37,0,8,HFF85553,Internacional,Poesia,Emily Brontí«,Cures borrascosas
108,37,0,8,LDF60838,Internacional,Teatro,Og Mandino,El vendedor más grande del mundo
108,37,0,8,TWD58872,Internacional,Narracion,Harper Lee,Matar un Ruisenor
108,37,0,8,TBX36321,Nacional,Teatro,Felipe Pigna,1810
108,37,0,8,MRK13921,Internacional,Narracion,Samuel Aun,Mas alla muerte
108,37,0,8,LTK18304,Internacional,Poesia,La Fontaine,Fábulas Libertinas
108,37,0,8,RKS27609,Internacional,Teatro,Pablo Neruda,Canto General
108,37,0,8,GUL79087,Internacional,Teatro,Friedrich Georg Junger,Mitos Griegos
109,47,7,3,FHU75994,Internacional,Poesia,JRR Tolkien,El Señor de Los Anillos: Las Dos Torres
109,47,7,3,TRN54612,Internacional,Poesia,Tom Clancy,La caza del Octubre Rojo
109,47,7,3,GWV56892,Internacional,Poesia,Maurice Joly,Diálogo en el infierno Maquiavelo y Montesqui
109,47,7,3,ESX69942,Nacional,Narracion,Macedonio Fernandez,Papeles de Recienvenido
109,47,7,3,ZIM45199,Nacional,Teatro,Haroldo Conti,En vida
109,47,7,3,RKC38941,Nacional,Narracion,Juan Gelman,Interrupciones
109,47,7,3,ODU30206,Internacional,Teatro,Hans Christian Andersen,Sopa de palillo de morcilla
109,47,7,3,FBT69355,Internacional,Poesia,Arthur C Clarke,Canticos De La Lejana Tierra
109,47,7,3,EXU00933,Internacional,Narracion,Tomas Moro,Utopí­a
109,47,7,3,ROI17265,Internacional,Teatro,León Tolstoi,Resurrección
109,47,7,3,EEE57042,Internacional,Teatro,Jose Donoso,Chatanooga Choochoo
109,47,7,3,KCE12581,Internacional,Teatro,MarkTwain,El hore que corrompió Hadleyburg
109,47,7,3,LKW73378,Internacional,Narracion,Friedrich Nietzche,Aforismos
109,47,7,3,ZIL16643,Nacional,Narracion,Jose Pablo Feinmann,La sombra de Heidegger
109,47,7,3,WCR23149,Nacional,Teatro,Jose Ingenieros,Hacia una moral sin dogmas
109,47,7,3,XFK85267,Nacional,Teatro,Osvaldo Bayer,Rainer y Minou
109,47,7,3,RNC99427,Internacional,Poesia,Marco Polo,Viajes
109,47,7,3,WHZ15595,Internacional,Poesia,Daniel Goleman,LaPracticaDeLaInteligenciaEmociona
109,47,7,3,RFA97668,Internacional,Poesia,Stanislaw Lem,Solaris
109,47,7,3,UWS38573,Nacional,Poesia,Rodolfo Walsh,Cuentos para tahures
109,47,7,3,AQC05594,Internacional,Poesia,Herbert George Wells,La máquina del tiempo
109,47,7,3,MBD89560,Internacional,Teatro,Shirlee Busbee,La Amante Cautiva
109,47,7,3,UAO63275,Internacional,Narracion,Jim hougan,El Ultimo Merovingio
109,47,7,3,OEA53869,Internacional,Teatro,Fray Luis de León,De los nores de Cristo
109,47,7,3,BMF10691,Internacional,Poesia,Carl Sagan,La Carga del Escepticismo
109,47,7,3,WGS76084,Nacional,Poesia,Miguel Cane,Notas e impresiones
109,47,7,3,BQA74553,Internacional,Teatro,Nicholas Wilcox,Trilogia Templaria 1 – Los Falsos Peregrinos
109,47,7,3,HTD44757,Internacional,Poesia,Robert C Atkins,La Revolucion Dietetica Del Dr Atkins Parte 2
109,47,7,3,DHX27456,Internacional,Poesia,Paul Auster,La Trilogí­a de Nueva York
109,47,7,3,DGB25420,Internacional,Teatro,Eduardo Vaquerizo,Danza de Tinieblas
109,47,7,3,HEJ00085,Nacional,Teatro,Esteban Echeverria,El matadero
109,47,7,3,SHW76414,Internacional,Teatro,Marcel Proust,Albertina desaparecida
110,13,5,7,ZJG37437,Internacional,Poesia,Marqués de Sade,Justine
110,13,5,7,KGB99593,Nacional,Narracion,Horacio Quiroga,Cuentos de amor de locura y de muerte
110,13,5,7,YMY85610,Internacional,Poesia,Homero,La odisea
110,13,5,7,EGD81182,Internacional,Teatro,Louise Cooper,El Señor del Tiempo 2 – El Proscrito
110,13,5,7,BAP26422,Nacional,Narracion,Roberto Fontanarrosa,El rey de la milonga
110,13,5,7,FHW86841,Internacional,Teatro,Morris West,Arlequin
110,13,5,7,DGB49356,Internacional,Poesia,Lois McMaster Bujold,Fronteras del infinito
110,13,5,7,QVA94862,Nacional,Narracion,Raul Gonzalez Tuñon,El violín del diablo
110,13,5,7,HMT93842,Internacional,Teatro,Matthew Pearl,El club Dante
110,13,5,7,EAJ06398,Nacional,Teatro,Osvaldo Soriano,Una sombra ya pronto serás
110,13,5,7,KFJ37151,Internacional,Narracion,Betty Dodson,Sexo para uno
110,13,5,7,DYU72014,Nacional,Poesia,Martin Caparros,Los Living
110,13,5,7,ADM88142,Internacional,Narracion,Isabel Allende,Cuentos de Eva Luna
110,13,5,7,QAI23776,Internacional,Poesia,Aristoteles,Politica
110,13,5,7,XKO87976,Internacional,Teatro,Neal Stephenson,Criptonomicon I – El Código Enigma
110,13,5,7,DWB13266,Internacional,Narracion,GW Hegel,Escritos Pedagogicos
110,13,5,7,KDI19910,Nacional,Narracion,Ricardo Piglia,El camino de Ida
110,13,5,7,UKT39967,Internacional,Poesia,Ana Frank,El Diario Ana Frank
110,13,5,7,PXT90479,Internacional,Teatro,Aristoteles,La Gran Moral
110,13,5,7,YLQ08113,Internacional,Poesia,Patricia D Cornwell,Un Aiente Extraño
110,13,5,7,GEB39025,Internacional,Teatro,George Orwell,Rebelión en la granja
110,13,5,7,ZMZ16475,Nacional,Narracion,Juan Bautista Alberdi,Política exterior de la República Argentina
110,13,5,7,EWJ69474,Internacional,Teatro,Clark Ashton Smith,Los mundos perdidos
110,13,5,7,YDJ01638,Internacional,Teatro,Amitav Ghosh,El cromosoma Calcuta
110,13,5,7,PPF28694,Internacional,Teatro,Pitagoras,Los Versos De Oro
110,13,5,7,IFG71094,Nacional,Poesia,Adolfo Bioy Casares,Plan de evasión
110,13,5,7,UIH18801,Internacional,Poesia,Leon Tolstoi,Guerra y Paz
110,13,5,7,OOZ94597,Internacional,Poesia,Mario Benedetti,Antologia Poetica
110,13,5,7,OMR66906,Nacional,Teatro,Arturo Jauretche,Política nacional y revisionismo histórico
110,13,5,7,KCG56763,Internacional,Narracion,Julio Verne,Cinco semanas en globo
110,13,5,7,JHH12810,Internacional,Teatro,Carl Sagan,El Cerebro de Broca
110,13,5,7,ZFO11608,Internacional,Narracion,Daniel Goleman,InteligenciaEmocionalenlaEmpresa
110,13,5,7,BBC11603,Internacional,Narracion,Sigmund Freud,La Sexualidad En La Etiologia De Las Neurosis
110,13,5,7,LNH75168,Internacional,Narracion,Bram Storker,Dracula
110,13,5,7,CVH73365,Internacional,Teatro,Daniel Defoe,Robinson Crusoe
110,13,5,7,PAM90473,Internacional,Narracion,Javier Sierra,El secreto egipcio de Napoleon
110,13,5,7,COE66700,Internacional,Poesia,Julio Verne,Viaje al Centro de la Tierra
110,13,5,7,OBK08054,Nacional,Narracion,Arturo Jauretche,El medio pelo en la sociedad argentina
110,13,5,7,GYB97908,Internacional,Teatro,Edgar Allan Poe,La carta robada
110,13,5,7,NQN71273,Internacional,Teatro,Stephen King,Rabia
110,13,5,7,DVG17519,Internacional,Poesia,Herman Melville,MOBY DICK
110,13,5,7,GDA84750,Nacional,Teatro,Abelardo Castillo,Crónica de un iniciado
110,13,5,7,MDF20734,Internacional,Narracion,Octavio Paz,Mascaras Mexicanas
110,13,5,7,JWQ30974,Internacional,Narracion,Mario Benedetti,El Amor
110,13,5,7,KQV58788,Nacional,Teatro,Roberto Arlt,Aguafuertes porteñas
110,13,5,7,STQ74191,Internacional,Narracion,Romain Sardou,La Herejí­a
110,13,5,7,OUA93356,Nacional,Teatro,Miguel Cane,Traducción de "Enrique IV"
110,13,5,7,CDL51401,Internacional,Poesia,Fernando Barragan,
110,13,5,7,GIX67702,Internacional,Poesia,Ernest Hemingway,Las Nieves Del Kilimanjaro
111,35,7,6,NNZ70642,Internacional,Narracion,Rubén Dario,Cantos de vida y esperanza
111,35,7,6,QRM24150,Nacional,Narracion,Jose Ingenieros,Ciencia y filosofía
111,35,7,6,HOP18283,Internacional,Teatro,Hans Christian Andersen,Los campeones de salto
111,35,7,6,SYF18288,Nacional,Teatro,Julio Cortazar,Bestiario
111,35,7,6,ZYH03898,Internacional,Poesia,Miguel de Cervantes Saavedra,Amante liberal
111,35,7,6,WJY67405,Internacional,Teatro,Herbert Marcuse,Cultura y sociedad
111,35,7,6,XJU17891,Internacional,Narracion,Brian Weiss,Espejos Del Tiempo
111,35,7,6,PTD13404,Nacional,Poesia,Paco Urondo,Adolecer
111,35,7,6,VOK18591,Nacional,Poesia,Haroldo Conti,Sudeste
111,35,7,6,FDV13191,Internacional,Poesia,Mario Rozo de Luna,POR EL REINO ENCANTADO DE MAYA
111,35,7,6,ZSH77619,Internacional,Narracion,Roberto Bolaño,Amuleto
111,35,7,6,CHZ99057,Internacional,Poesia,José Zorrilla y Moral,Don Juan Tenorio
111,35,7,6,NNP98954,Internacional,Teatro,John Saul,Hijo de la mente
111,35,7,6,UVY43307,Internacional,Teatro,Louise Cooper,El Señor del Tiempo 3 – El Orden y el caos
111,35,7,6,OKO13731,Nacional,Narracion,Esteban Echeverria,La cautiva
111,35,7,6,NCK34056,Nacional,Teatro,Jose Ingenieros,Los tiempos nuevos
111,35,7,6,TLG89110,Nacional,Poesia,Abelardo Castillo,El evangelio según Van Hutten
111,35,7,6,FVZ09564,Internacional,Narracion,Arthur Conan Doyle,El signo de los cuatro
111,35,7,6,PPR72049,Internacional,Teatro,Poul Anderson,La espada rota
111,35,7,6,FHU14782,Internacional,Teatro,Sherry Argov,Por Que Los Hores Aman A Las Cabronas
111,35,7,6,SLE93566,Internacional,Narracion,Ivan Herrera,Historia Masoneria III
111,35,7,6,LPM10679,Nacional,Teatro,Juan Gelman,Com/posiciones
111,35,7,6,TRK89834,Internacional,Narracion,Isabel Allende,Cuentos Recetas Y Otros Afrodisiacos
111,35,7,6,MMF95354,Nacional,Narracion,Jose Pablo Feinmann,El cadáver imposible
111,35,7,6,VHY92653,Internacional,Narracion,Daniel Goleman,Inteligencia Social
111,35,7,6,DBT89895,Internacional,Poesia,Raul Gonzalez Tuñon,Todos bailan
111,35,7,6,WXH12407,Internacional,Teatro,John Boyne,El Niño Con El Pijama De Rayas
111,35,7,6,MSO98084,Internacional,Teatro,Agustí­n Sánchez Vidal,La llave maestra
111,35,7,6,SQK68856,Nacional,Narracion,Macedonio Fernandez,Cuadernos de todo y nada
111,35,7,6,EBR27866,Internacional,Narracion,Rafael Marí­n,Elemental querido Chaplin
111,35,7,6,BWG66941,Nacional,Teatro,Roberto Fontanarrosa,Una lección de vida
111,35,7,6,CRB24968,Internacional,Teatro,Victor Hugo,Los Miserables
111,35,7,6,XFH95868,Nacional,Teatro,Juan Filloy,Caterva
111,35,7,6,XFR77536,Nacional,Narracion,Juan Jose Saer,Las nubes
111,35,7,6,HNM08226,Nacional,Teatro,Arturo Jauretche,Manual de zonceras argentinas
111,35,7,6,EZH53969,Internacional,Narracion,Octavio Paz,Ensayos
111,35,7,6,YLB52140,Internacional,Teatro,Dan Brown,La Fortaleza Digital
111,35,7,6,YOJ53249,Nacional,Narracion,Martin Caparros,La noche anterior
111,35,7,6,HQH53590,Nacional,Poesia,Felipe Pigna,Lo pasado pensado
111,35,7,6,TMH57370,Internacional,Poesia,Alexandra Marinina,El Sueño Robado
111,35,7,6,CXO70566,Internacional,Poesia,Arturo Jauretche,Filo
111,35,7,6,QRG80790,Nacional,Narracion,Tomas Eloy Martinez,El vuelo de la reina
111,35,7,6,KGD64327,Nacional,Narracion,Juan Filloy,La purga
111,35,7,6,AOD37976,Nacional,Narracion,Manuel Puig,Cae la noche tropical
111,35,7,6,JVQ57361,Nacional,Teatro,Juan Jose Saer,Responso
111,35,7,6,DYC29136,Nacional,Poesia,Miguel Cane,Juvenilia
112,11,3,6,MXV69264,Nacional,Teatro,Roberto Arlt,Secretos Femeninos
112,11,3,6,CVT85229,Internacional,Narracion,Miguel De Unamuno,Alma Vasca
112,11,3,6,WME18986,Internacional,Poesia,Mijail Bakunin,Dios y el Estado
112,11,3,6,NTS51563,Nacional,Poesia,Roberto Fontanarrosa,Uno nunca sabe
112,11,3,6,LXY13095,Internacional,Poesia,Robert Kiyosaki,Padre rico
112,11,3,6,VNO91697,Internacional,Narracion,Tony Buzan,El Libro de la Lectura Rápida
112,11,3,6,AMA46031,Nacional,Poesia,Miguel Cane,Ensayos
112,11,3,6,KKB83262,Internacional,Poesia,Jorge Edwards,El Orden De Las Familias
112,11,3,6,RJQ24291,Internacional,Narracion,Félix M Samaniego,Fábulas
112,11,3,6,VSR62237,Nacional,Teatro,Jose Ingenieros,Proposiciones relativas al porvenir de la filosofía
112,11,3,6,DZL76975,Internacional,Narracion,Moliere,El medico a palos
112,11,3,6,GWN56679,Internacional,Poesia,Brad Meltzer,Los pasadizos del poder
112,11,3,6,OUH60806,Internacional,Narracion,Pedro Calderón de la Barca,El alcalde de Zalamea
112,11,3,6,EFV15812,Internacional,Poesia,Lewis Carrol,A través del espejo
112,11,3,6,DGJ95675,Internacional,Poesia,Mario Benedetti,El Otro Yo
112,11,3,6,EQW87570,Internacional,Narracion,Laura Esquivel,Como agua para chocolate
112,11,3,6,LDU84074,Internacional,Teatro,Harriet B Stowe,La cabaña del tio Tom
113,46,3,1,ALG94617,Internacional,Teatro,Peter Berling,Los hijos del Grial
113,46,3,1,LCY18360,Internacional,Narracion,Gabriel Garcia Marquez,El Coronel No Tiene Quien Le escriba
113,46,3,1,OFU36798,Nacional,Narracion,Manuel Puig,Boquitas pintadas
113,46,3,1,MZB39402,Internacional,Narracion,Lobsang Rampa,El Tercer Ojo
113,46,3,1,ZIP45506,Internacional,Poesia,Julio Verne,Amotinados de la Bounty
113,46,3,1,STI31844,Internacional,Teatro,Fernando Llobera,El noveno círculo
113,46,3,1,NFG06882,Nacional,Poesia,David Viñas,Claudia conversa
113,46,3,1,EJX81522,Internacional,Narracion,William Shakespeare,Sueño de una noche de verano
113,46,3,1,BLN82878,Internacional,Teatro,Gabriel Garcia Marquez,Crónica de una Muerte Anunciada
113,46,3,1,AWY81430,Internacional,Teatro,Tim Lahaye y Jerry B Jenkins,Dejados atras
113,46,3,1,CDN89063,Internacional,Narracion,J J Benitez,Al Fin Libre
113,46,3,1,UQV49131,Internacional,Narracion,Lewis Carrol,Alicia en el paí­s de las maravillas
113,46,3,1,BOZ86938,Internacional,Teatro,Winston Groom,Gump & Co
113,46,3,1,JYF79822,Nacional,Narracion,Paco Urondo,Historia antigua
113,46,3,1,CNF76891,Internacional,Poesia,Emmanuel Kant,Teoría y praxis
113,46,3,1,ZAS42416,Internacional,Narracion,José Saramago,La caverna
113,46,3,1,PZG07462,Internacional,Teatro,Charlotte Brontí,Jane Eyre
113,46,3,1,IAC90618,Internacional,Poesia,Charles Darwin,El origen de las especies
113,46,3,1,MWV46188,Internacional,Poesia,Brian Weiss,Lazos de Amor
113,46,3,1,JVA62820,Internacional,Teatro,Jose Zorrilla,Maria
113,46,3,1,BBP14657,Internacional,Poesia,Mauricio Xandro,Grafologia Superior Parte 2
113,46,3,1,FOJ60397,Internacional,Narracion,Anne Rice,La Momia
113,46,3,1,FJI72725,Internacional,Poesia,Pierre Salliger,Juegos mortales
113,46,3,1,NYS17113,Internacional,Narracion,Mark Twain,El forastero misterioso
113,46,3,1,OFL45254,Internacional,Poesia,Peter Benchley,1979 La Isla
113,46,3,1,BEA65924,Internacional,Narracion,Redfield James,La Nueva Vision Espiritual
113,46,3,1,CPI65675,Nacional,Poesia,Macedonio Fernandez,Poemas
113,46,3,1,SZW17855,Nacional,Narracion,Jose Ingenieros,Las doctrinas de Ameghino
113,46,3,1,WIE01316,Internacional,Narracion,Mark Twain,Huckleberry Finn
113,46,3,1,TRR27196,Internacional,Teatro,Joseph Rudyard Kipling,Tierras ví­rgenes
113,46,3,1,RRT82353,Internacional,Teatro,JM Barrie,Peter Pan
113,46,3,1,AGG77961,Nacional,Narracion,Manuel Puig,Pubis angelical
113,46,3,1,RJW81392,Nacional,Poesia,Jorge Luis Borges,Seis problemas para don Isidro Parodi
113,46,3,1,IXD13602,Internacional,Poesia,Honorato de Balzac,La piel de Zapa
113,46,3,1,HJY16866,Internacional,Teatro,Marques de Sade,Eugenia de Franval
114,17,8,7,VSP25980,Internacional,Teatro,Santa Teresa de Jesús,Camino de Perfección
114,17,8,7,PKQ57321,Nacional,Narracion,Tomas Eloy Martinez,Sagrado
114,17,8,7,NRT84843,Internacional,Narracion,Alejandro Dumas,Los tres mosqueteros
114,17,8,7,WQI63746,Internacional,Teatro,Gabriel García Márquez,Vivir para contarla
114,17,8,7,ZGU30569,Internacional,Narracion,Brian Weiss,Sólo el Amor es Real
114,17,8,7,XHY20838,Internacional,Teatro,Jean Paul Sartre,La Nausea
114,17,8,7,EBY82278,Internacional,Narracion,Jose Zorrilla,La Calentura Continuacion Del Puñal Del Godo
114,17,8,7,BPT41747,Nacional,Poesia,Abelardo Castillo,La casa de ceniza
114,17,8,7,XVK76701,Internacional,Teatro,Bram Stocker,El entierro de las ratas
114,17,8,7,KCA52391,Internacional,Teatro,Brian Weiss,Como Preparar Su Propio Ejercio De Regresion
114,17,8,7,TGP95843,Internacional,Poesia,Salman Rushdie,Los versos satánicos
114,17,8,7,UUE66064,Internacional,Narracion,Robert L Stevenson,La resaca
114,17,8,7,DXQ52212,Internacional,Narracion,Richard Bach,Al otro lado del tiempo
114,17,8,7,JKU81663,Internacional,Poesia,Woody Allen,Como Acabar De Una Vez Por Todas Con La Cultura
114,17,8,7,MEB46497,Internacional,Poesia,George Eliot,Middlemarch
114,17,8,7,VIV53027,Internacional,Poesia,Francisco Quevedo,Sueños
114,17,8,7,YFV48373,Internacional,Poesia,Larry Bond,Dia de Ira
114,17,8,7,WRU67788,Internacional,Poesia,Ray Bradbury,El Marciano
114,17,8,7,OTI01194,Nacional,Narracion,Jose Ingenieros,Las fuerzas morales
114,17,8,7,HUW54642,Internacional,Teatro,Alvin Toffler,La Tercera Ola
114,17,8,7,QKE50210,Internacional,Teatro,Núria Masot,La Sora del templario
114,17,8,7,XJJ15088,Nacional,Poesia,David Viñas,Los dueños de la tierra
114,17,8,7,WVS42308,Internacional,Poesia,Rene Descartes,Discurso del metodo
114,17,8,7,ROU30643,Nacional,Poesia,Arturo Jauretche,Mano a mano entre nosotros
114,17,8,7,QWE63197,Internacional,Narracion,Sor Juana Inés de La Cruz,El Divino Narciso
114,17,8,7,FBU73856,Nacional,Poesia,Jose Pablo Feinmann,Los crímenes de Van Gogh
114,17,8,7,XZX70860,Internacional,Poesia,Fernando de Rojas,La celestina
114,17,8,7,DJV18112,Nacional,Teatro,Osvaldo Soriano,El ojo de la Patria
114,17,8,7,OGJ40817,Nacional,Teatro,Jose Pablo Feinmann,Ni el tiro del final
114,17,8,7,QZB77285,Internacional,Narracion,Charles Palliser,Corpore insepulto
114,17,8,7,ZBZ92703,Nacional,Teatro,Haroldo Conti,Mascaró el cazador americano
114,17,8,7,CFV03461,Nacional,Teatro,Manuel Puig,The Buenos Aires affair
114,17,8,7,BUJ01709,Internacional,Poesia,Carl Sagan,Cosmos
114,17,8,7,ZLE36385,Internacional,Teatro,Mario Rozo de Luna,La Ciencia Hierática de los Mayas
114,17,8,7,GPX20336,Nacional,Teatro,Horacio Quiroga,Los perseguidos
114,17,8,7,AUV22747,Internacional,Poesia,Francis Bacon,La nueva Atlántida
114,17,8,7,IHB64927,Internacional,Teatro,Oscar Wilde,El fantasma de Canterville
114,17,8,7,FNB30116,Internacional,Narracion,Edgar Allan Poe,William Wilson
114,17,8,7,YZJ23171,Internacional,Poesia,Gustavo Adolfo Bécquer,Rimas
114,17,8,7,UGO10657,Nacional,Teatro,Miguel Cane,En viaje
114,17,8,7,LWS75445,Nacional,Narracion,Alejandra Pizarnik,Una noche en el desierto
114,17,8,7,JKA66340,Internacional,Poesia,Ovidio,Las tristes
114,17,8,7,FOJ12536,Nacional,Teatro,Osvaldo Bayer,La patagonia rebelde
114,17,8,7,IFG14121,Internacional,Poesia,Timothy Zahn,Star Wars
114,17,8,7,NFH60562,Internacional,Teatro,Ovidio,El Remedio Del Amor
114,17,8,7,FGD05564,Nacional,Poesia,Alejandra Pizarnik,Los pequeños cantos
114,17,8,7,EJZ04241,Internacional,Teatro,Roald Dahl,El visitante
114,17,8,7,WME58596,Internacional,Narracion,Ivan Herrera,Historia Masoneria II
114,17,8,7,AQM16959,Internacional,Poesia,Pablo Neruda,Libro De Las Preguntas
114,17,8,7,YHU19600,Internacional,Poesia,Richard Bach,Juan Salvador Gaviota
114,17,8,7,LME14661,Internacional,Teatro,Sor Marí­a de Jesús,Vida de la Virgen Marí­a
114,17,8,7,QLN92239,Internacional,Teatro,Arthur C Clarke,Cuentos De La Taberna Del Ciervo Blanco
114,17,8,7,TMC59651,Nacional,Narracion,Ricardo Guiraldes,El cencerro de cristal
114,17,8,7,HBJ35693,Nacional,Poesia,Roberto Fontanarrosa,Puro fútbol
114,17,8,7,UFS71976,Internacional,Teatro,Paul Auster,La Noche Del Oraculo
114,17,8,7,XXC20047,Nacional,Narracion,Jose Ingenieros,La cultura filosófica en España
114,17,8,7,MXE48688,Nacional,Narracion,Alfonsina Storni,Morir sobre los campos
114,17,8,7,AUC49050,Nacional,Narracion,Juan Jose Saer,La ocasión
114,17,8,7,GMN83871,Nacional,Poesia,Manuel Puig,Maldición eterna a quien lea estas páginas
114,17,8,7,RSO37263,Internacional,Teatro,George Lucas,La Guerra De Las Galaxias
115,10,0,3,DSI64372,Nacional,Poesia,Horacio Quiroga,El hombre muerto
115,10,0,3,EKX09862,Internacional,Narracion,Gaston Leroux,El Fantasma de la ópera
115,10,0,3,GKV91451,Nacional,Teatro,Ricardo Piglia,La ciudad ausente
115,10,0,3,TCA82204,Internacional,Narracion,Jennifer Blake,Intriga y seducción
115,10,0,3,BTT52595,Internacional,Teatro,Patrick GERYL,La profecia de Orion
115,10,0,3,ILH26569,Internacional,Teatro,Charles Dickens,Oliver Twist
115,10,0,3,RRF92324,Internacional,Teatro,León Tolstoi,Tres muertes
115,10,0,3,VWD00163,Nacional,Teatro,Arturo Jauretche,Ejército y Política
115,10,0,3,VGZ98585,Nacional,Teatro,Osvaldo Bayer,Exilio
115,10,0,3,KFC50245,Internacional,Narracion,Enrique Barrios,El Maravilloso Universo de la Magia
115,10,0,3,BDB42733,Internacional,Narracion,Helen MacInnes,La Red Del Cazador
115,10,0,3,OXF22986,Internacional,Teatro,Ernest Hemingway,Paris Era Un FiestaRTF
115,10,0,3,POY39514,Internacional,Teatro,Diane Carey,Harén
115,10,0,3,YZW58997,Internacional,Poesia,Patricia D Cornwell,Post-mortem
115,10,0,3,IOF83098,Nacional,Poesia,Alejandra Pizarnik,La última inocencia
115,10,0,3,KCX91022,Nacional,Teatro,Felipe Pigna,Historia. La Argentina contemporánea
115,10,0,3,LFI55074,Internacional,Narracion,Nicholas Wilcox,Trilogia Templaria 3 – La Sangre de Dios
115,10,0,3,LNL68343,Internacional,Narracion,Antonio Skármeta,El Cartero de Neruda
115,10,0,3,EWC64063,Internacional,Poesia,Juana Salabert,Velódromo de Invierno
115,10,0,3,DZB02867,Nacional,Poesia,Juan Jose Saer,La vuelta completa
115,10,0,3,FIJ30808,Internacional,Narracion,Joseph Finder,Poderes extraordinarios
115,10,0,3,VUN86427,Internacional,Narracion,Aukanaw,Mapuches
115,10,0,3,CWV78608,Internacional,Teatro,Marcel Proust,en busca del tiempo perdido
115,10,0,3,PYN39739,Internacional,Teatro,Tom Clancy,Los Dientes del Tigre
115,10,0,3,OTH45041,Internacional,Teatro,Mario Puzo,El Padrino
115,10,0,3,WYP01464,Nacional,Narracion,David Viñas,Prontuario
115,10,0,3,JDM38510,Internacional,Poesia,Shirlee Busbee,La Rosa de España
115,10,0,3,MVA68613,Nacional,Teatro,Martin Caparros,A quien corresponda
115,10,0,3,UQR44018,Nacional,Teatro,Jorge Luis Borges,La memoria de Shakespeare
115,10,0,3,HKA98337,Internacional,Poesia,Gibran Khalil Gibran,El Jardin del Profeta
115,10,0,3,NGQ37033,Internacional,Narracion,Ruben H Zorrilla,Extraccion Social De Los Caudillos
115,10,0,3,ISU19369,Internacional,Poesia,Katty Tyers,La tregua de Bakura
115,10,0,3,RPG63913,Internacional,Teatro,Rubén Dario,Azul
115,10,0,3,MQP73169,Nacional,Teatro,Horacio Quiroga,Historia de un amor turbio
115,10,0,3,ONB47456,Internacional,Poesia,James Redfield,La Decima Revelacion
115,10,0,3,YVF47286,Nacional,Teatro,Raul Gonzalez Tuñon,Canciones del tercer frente
115,10,0,3,JST88899,Nacional,Teatro,Alfonsina Storni,Mundo de siete pozos
115,10,0,3,IHY25099,Nacional,Teatro,Martin Caparros,Valfierno
115,10,0,3,XHK78503,Internacional,Poesia,Antón Chejov,Cuentos
115,10,0,3,FEW39662,Internacional,Poesia,Nicholas Evans,A través del fuego
115,10,0,3,TPG23025,Internacional,Poesia,Thomas Harris,Hannibal
115,10,0,3,XLQ18562,Internacional,Narracion,Michael Crichton,Acoso
115,10,0,3,AJZ36508,Internacional,Teatro,Anónimo,Robin Hood
115,10,0,3,SPX92384,Internacional,Narracion,Edward de Bono,Seis soreros para pensar
115,10,0,3,HQT77109,Internacional,Narracion,Stendhal,Rojo y Negro
115,10,0,3,ZTP66450,Internacional,Narracion,Stefan Zweig,24 Horas En La Vida De Una Mujer
115,10,0,3,QFF74838,Internacional,Teatro,JRR Tolkien,El Señor de Los Anillos: El Retorno del Rey
116,40,3,4,BBW26208,Nacional,Narracion,David Viñas,En la semana trágica
116,40,3,4,JER12028,Nacional,Narracion,Alejandra Pizarnik,Los trabajos y las noches
116,40,3,4,LIX20560,Nacional,Teatro,Juan Filloy,Op Oloop
116,40,3,4,GPT83976,Internacional,Poesia,Alexis Brito Delgado,Luz blanca – Calor blanco
116,40,3,4,KQI77505,Internacional,Narracion,Oscar Wilde,La Importancia de llamarse Ernesto
116,40,3,4,ECT65433,Nacional,Narracion,Raul Gonzalez Tuñon,La muerte en Madrid
116,40,3,4,SVR02291,Internacional,Poesia,Arthur Conan Doyle,Sherlock Holmes
116,40,3,4,HLM32204,Internacional,Teatro,Platón,Banquete
116,40,3,4,JUA53659,Internacional,Narracion,Dante Alighieri,Divina comedia
116,40,3,4,BEQ15551,Nacional,Teatro,Roberto Fontanarrosa,Nada del otro mundo
116,40,3,4,DRT33840,Internacional,Poesia,JRR Tolkien,El Señor de Los Anillos: La Comunidad del anillo
116,40,3,4,UAL47349,Internacional,Narracion,Rene Descartes,Meditaciones
116,40,3,4,OXT22553,Nacional,Poesia,Juan Jose Saer,El entenado
116,40,3,4,PLO18126,Nacional,Narracion,Julio Cortazar,62 Modelo para armar
116,40,3,4,IEN14086,Nacional,Poesia,Alfonsina Storni,El dulce daño
116,40,3,4,DJD45380,Internacional,Narracion,Julio Verne,La ciudad flotante
116,40,3,4,RFO24373,Internacional,Narracion,Macedonio Fernandez,Relatos
116,40,3,4,XMC54150,Internacional,Narracion,Paul Tabori,Historia de la estupidez humana
116,40,3,4,NTB39886,Nacional,Poesia,Alejandra Pizarnik,Nombres y figuras
116,40,3,4,WEP73126,Internacional,Poesia,Homero,Ilíada
116,40,3,4,SJB03991,Internacional,Poesia,Jose Donoso,La Misteriosa Desaparicion De La Marquesita De Loria
116,40,3,4,FOD77641,Nacional,Narracion,Julio Cortazar,Historias de cronopios y famas
116,40,3,4,QPJ06316,Internacional,Poesia,Pedro Lemebel,Loco Afan
116,40,3,4,OHZ67297,Nacional,Poesia,Roberto Fontanarrosa,Fontanarrosa se la cuenta
116,40,3,4,ARU33682,Internacional,Narracion,Robin Cook,Abduccion
116,40,3,4,CJD39728,Internacional,Poesia,Nostradamus,Centurias
116,40,3,4,TUR88769,Internacional,Narracion,Emilio Salgari,Los tigres de la Malasia
117,47,9,4,IKL57968,Internacional,Poesia,Johan Goethe,Fausto
117,47,9,4,XLY81876,Nacional,Narracion,Martin Caparros,Echeverría
117,47,9,4,STW82666,Internacional,Narracion,JK Rowling,Harry Potter y el Cáliz de fuego
117,47,9,4,IGS71001,Internacional,Narracion,Laura Esquivel,El Libro de las Emociones
117,47,9,4,NSF09556,Nacional,Teatro,Alfonsina Storni,Irremediablemente
117,47,9,4,FPJ35857,Internacional,Poesia,Ernest Hemingway,Adios A Las Armas
117,47,9,4,EQT46027,Nacional,Poesia,Alejandra Pizarnik,Árbol de Diana
117,47,9,4,LRS26792,Nacional,Teatro,Domingo Faustino Sarmiento,Comentarios de la Constitución
117,47,9,4,HTC58543,Internacional,Teatro,Cesar Mallorqui,La Catedral
117,47,9,4,LIG98412,Nacional,Poesia,Ricardo Guiraldes,Cuentos de muerte y de sangre seguidos de aventuras grotescas y una trilogía cristiana
117,47,9,4,VEX94387,Internacional,Teatro,Agatha Christie,Asesinato En Bardsley Mews
118,36,2,6,XQD05217,Internacional,Narracion,Anthony Bruno,Seven
118,36,2,6,FOO16432,Nacional,Poesia,David Viñas,Jauría
118,36,2,6,NXW03912,Nacional,Narracion,Haroldo Conti,Alrededor de la jaula
118,36,2,6,GZY46833,Nacional,Teatro,Martin Caparros,Sinfín
118,36,2,6,LWW04234,Internacional,Poesia,Daniel Goleman,InteligenciaEmocional
118,36,2,6,YSM60611,Internacional,Narracion,JK Rowling,Harry Potter y el Prisionero de Azkaban
118,36,2,6,ANY95130,Nacional,Poesia,Jose Pablo Feinmann,Timote: secuestro y muerte del general Aramburu
118,36,2,6,ROS78839,Nacional,Poesia,Osvaldo Bayer,A contrapelo. Conversaciones con Osvaldo Bayer
118,36,2,6,YIJ78240,Internacional,Narracion,Ivan Herrera,Historia Masoneria I
118,36,2,6,NBD58699,Internacional,Teatro,Lope de Vega,Fuente ovejuna
118,36,2,6,TWY18336,Nacional,Narracion,Domingo Faustino Sarmiento,Educación común
118,36,2,6,NXG47993,Internacional,Teatro,Lope De Vega,La Dama Boba
118,36,2,6,UEW09853,Internacional,Narracion,Fiodor Dostoiewski,Crimen y castigo
118,36,2,6,CBE93628,Internacional,Narracion,Gustave Flaubert,Madame Bovery
118,36,2,6,XCN96223,Internacional,Narracion,Elisavet Kostova,La Historiadora
118,36,2,6,TIR16149,Internacional,Narracion,Og Mandino,El Milagro más Grande del Mundo
118,36,2,6,SGN24730,Internacional,Poesia,Federico García Lorca,Romancero Gitano
118,36,2,6,JIJ82809,Internacional,Teatro,Robert C Atkins,La Revolucion Dietetica Del Dr Atkins Parte 1
118,36,2,6,JJR65185,Nacional,Teatro,Rodolfo Walsh,Operacion Masacre
118,36,2,6,JPR95319,Internacional,Teatro,Norman Mailer,El fantasma de Harlot
118,36,2,6,WQI09293,Nacional,Teatro,Alejandra Pizarnik,La condesa sangrienta
118,36,2,6,PJB18132,Internacional,Poesia,Julio Verne,La Isla Misteriosa
118,36,2,6,LIK10754,Nacional,Narracion,Jose Ingenieros,El hombre mediocre
118,36,2,6,RMW97646,Internacional,Poesia,Alejandra Matus,El Libro Negro de la Justicia Chilena
118,36,2,6,HPA69786,Internacional,Narracion,Juan Bautista Alberdi,Ensayos sobre la sociedad
118,36,2,6,KYI82250,Internacional,Teatro,Matthew G Lewis,El monje
118,36,2,6,QWQ74702,Nacional,Teatro,Alfonsina Storni,Ocre
118,36,2,6,UGM88157,Internacional,Poesia,Fiodor Dostoievski,El Jugador
118,36,2,6,LLU42823,Internacional,Poesia,Franz Kafka,La metamosfosis
118,36,2,6,WUZ29198,Nacional,Poesia,Juan Bautista Alberdi,Del gobierno en Sudamérica según las miras de su revolución fundamental
118,36,2,6,YAW59372,Internacional,Narracion,Arthur Golden,Memorias de una geisha
118,36,2,6,FLH62878,Nacional,Teatro,Juan Jose Saer,Glosa
118,36,2,6,BPF60287,Nacional,Poesia,Paco Urondo,Breves
118,36,2,6,BUC24422,Nacional,Poesia,Martin Caparros,La Historia
118,36,2,6,XIY99460,Nacional,Teatro,Martin Caparros,Ansay o los infortunios de la gloria
118,36,2,6,WMD06736,Nacional,Teatro,Domingo Faustino Sarmiento,Educación popular
118,36,2,6,IXK02884,Nacional,Teatro,Osvaldo Bayer,¿Qué debemos hacer los anarquistas?
118,36,2,6,FGW08422,Nacional,Teatro,Roberto Fontanarrosa,La mesa de los galanes
118,36,2,6,FMJ48035,Nacional,Poesia,Raul Gonzalez Tuñon,Las puertas del fuego
118,36,2,6,MEY52209,Internacional,Poesia,Jorge Edwards,Gente De Ciudad
118,36,2,6,CWA03735,Internacional,Poesia,Federico García Lorca,Poemas
118,36,2,6,XTU46652,Nacional,Poesia,Juan Jose Saer,La grande
118,36,2,6,JYM38759,Nacional,Teatro,Jorge Luis Borges,El informe de Brodie
118,36,2,6,GSJ01105,Internacional,Teatro,Robert Fisher y Beth Kelly,El Búho que no podia ulular
118,36,2,6,FRD58852,Nacional,Teatro,Jose Ingenieros,Evolución de las ideas argentinas
118,36,2,6,TEP85110,Nacional,Narracion,Juan Jose Saer,Lo imborrable
118,36,2,6,LIE81546,Nacional,Poesia,Manuel Puig,Sangre de amor correspondido
118,36,2,6,FXQ41199,Internacional,Poesia,Choderlos de Laclos,Amistades peligrosas
118,36,2,6,EEX58504,Internacional,Narracion,Thomas Keneally,El Arca de Schindler
118,36,2,6,NTI41688,Internacional,Poesia,Joaquin Edwards Bello,La Chica Del Crillon
118,36,2,6,IWP40179,Nacional,Teatro,Ernesto Sabato,Sobre héroes y tumbas
118,36,2,6,ZSX88201,Nacional,Poesia,Juan Filloy,Ignitus
118,36,2,6,ZQK72497,Nacional,Poesia,Jose Pablo Feinmann,El ejército de ceniza
118,36,2,6,JNR31375,Nacional,Narracion,Juan Bautista Alberdi,El crimen de la guerra
119,26,0,6,XKS17235,Nacional,Narracion,Ernesto Guevara,Diario del Che en Bolivia
119,26,0,6,BFY30814,Nacional,Narracion,Jose Ingenieros,Tratado del amor
119,26,0,6,OYV30712,Nacional,Teatro,Manuel Puig,El beso de la mujer araña
119,26,0,6,WPM18164,Internacional,Poesia,Herbert George Wells,El hore invisible
119,26,0,6,TTG68524,Nacional,Poesia,Julio Cortazar,Todos los fuegos el fuego
119,26,0,6,PLR91069,Internacional,Poesia,Julio Verne,Castillo De Los Carpatos
119,26,0,6,QOO47512,Nacional,Poesia,Jose Pablo Feinmann,Días de infancia
119,26,0,6,OIE64508,Nacional,Narracion,Martin Caparros,El tercer cuerpo
119,26,0,6,IGP30660,Internacional,Narracion,Jose Donoso,Este Domingo
119,26,0,6,LXL81284,Nacional,Teatro,Martin Caparros,Todo por la patria
119,26,0,6,MYW68593,Internacional,Teatro,Lucius Shepard,El cazador de jaguares
119,26,0,6,ZLB46593,Internacional,Narracion,Hermann Hesse,Siddharta
119,26,0,6,RSL46441,Nacional,Teatro,Martín Caparrós,Valfierno
119,26,0,6,KRD12870,Internacional,Teatro,Jonathan Swift,Los Viajes de Gullier
119,26,0,6,TBK44913,Nacional,Poesia,Juan Filloy,Vil & Vil
119,26,0,6,LGR87328,Internacional,Poesia,Clark Ashton Smith,Atlantis
119,26,0,6,QCN43161,Internacional,Teatro,Anne Rice,Entrevista con el Vampiro
119,26,0,6,DAR48736,Internacional,Poesia,Sigmund Freud,Totem y Tabú
119,26,0,6,CES98114,Internacional,Teatro,Edgar Rice Burroughs,Tarzán el señor de la jungla
119,26,0,6,YTL37909,Internacional,Teatro,Julie Parsons,Segunda oportunidad
119,26,0,6,BCU91174,Nacional,Narracion,Martin Caparros,Un día en la vida de Dios
119,26,0,6,DUK39985,Nacional,Poesia,Jose Pablo Feinmann,El mandato
119,26,0,6,ODC73937,Nacional,Poesia,Manuel Puig,La traición de Rita Hayworth
119,26,0,6,CUQ42470,Internacional,Narracion,Alonso de Ercilla y Zúñiga,La Araucana
119,26,0,6,JPR93764,Internacional,Poesia,Mario Puzo,Los Borgia
119,26,0,6,UIT66022,Internacional,Poesia,Thomas Harris,Dragon Rojo
119,26,0,6,NHL53433,Internacional,Teatro,Jorge Edwards,El Whisky De Los Poetas
119,26,0,6,NNH40911,Internacional,Narracion,Emilio Salgari,Sandokan
120,32,0,4,SZZ69317,Internacional,Poesia,Thomas Gifford,Los Assassini
120,32,0,4,NDK07403,Internacional,Poesia,Robert Fisher,El caballero de la armadura oxidada
120,32,0,4,AHO94819,Nacional,Narracion,Tomas Eloy Martinez,Santa Evita
120,32,0,4,AWF26030,Nacional,Narracion,Arturo Jauretche,Forja y la Década Infame
120,32,0,4,ANS57594,Internacional,Poesia,Jose Donoso,El Mocho
120,32,0,4,TND48606,Internacional,Poesia,Ray Bradbury,El Marciano
120,32,0,4,HTG98769,Nacional,Teatro,Esteban Echeverria,Don Juan
120,32,0,4,UQW76528,Nacional,Poesia,Macedonio Fernandez,No toda es vigilia la de los ojos abiertos
120,32,0,4,GWN27940,Internacional,Narracion,Srila Atulananda,Bhagavad Gita
120,32,0,4,OZW99529,Nacional,Teatro,Raul Gonzalez Tuñon,Poema del conventillo
120,32,0,4,SWN15506,Internacional,Narracion,Johan Goethe W,Fausto
120,32,0,4,RQK05878,Internacional,Narracion,Shalila Dardon,l Gran Libro de los Chakras
120,32,0,4,ORU41829,Nacional,Poesia,Raul Gonzalez Tuñon,La calle del agujero en la media
120,32,0,4,VTS99896,Internacional,Narracion,Enrique Barrios,Ami El Niño De Las Estrellas
120,32,0,4,NKF84883,Internacional,Teatro,Edgar Allan Poe,Los Crí­menes de la Rue Morge
120,32,0,4,HIT25490,Internacional,Teatro,Maynard Solomon,Beethoven
120,32,0,4,IFA54721,Internacional,Poesia,Antoine De Saint-Exupéry,El principito
121,15,0,1,QCG84549,Internacional,Poesia,Lafourcade Enrique,Palomita Blanca
121,15,0,1,RFX00864,Internacional,Poesia,Pedro Lemebel,La Esquina Es Mi Corazon
121,15,0,1,YIZ59004,Internacional,Teatro,Federico Garcia Lorca,Viaje a la Luna
121,15,0,1,WYS01073,Internacional,Narracion,Aristoteles,Metafisica
121,15,0,1,NFZ26873,Nacional,Poesia,Osvaldo Soriano,La hora sin sombra
121,15,0,1,PZR16796,Nacional,Narracion,Osvaldo Bayer,Los anarquistas expropiadores
121,15,0,1,KJZ48678,Internacional,Poesia,Giorgio Faletti,Yo mato
121,15,0,1,OJH21229,Internacional,Poesia,Aristoteles,Etica a Nicomaco
121,15,0,1,BXH74711,Internacional,Poesia,Mark Twain,Tom Sawyer
121,15,0,1,EIC92075,Nacional,Narracion,Domingo Faustino Sarmiento,Argirópolis
121,15,0,1,LUB34596,Internacional,Poesia,Gabriel Garcia Marquez,Cien Años de Soledad
122,18,2,3,UNJ06817,Internacional,Narracion,Patricia D Cornwell,Causa de muerte
122,18,2,3,TWH93469,Internacional,Narracion,Alejandro Dumas,El hore de la mascara de hierro
122,18,2,3,OUZ55105,Internacional,Narracion,Francis Scott Fitzgerald,Extranio caso de Benjamin Button
122,18,2,3,FVQ24258,Nacional,Poesia,Raul Gonzalez Tuñon,El otro lado de la estrella
122,18,2,3,UPF89048,Nacional,Narracion,Arturo Jauretche,Prosa de hacha y tiza
122,18,2,3,GYU65031,Internacional,Poesia,Christopher Paolini,Eragon
122,18,2,3,YQA57811,Internacional,Teatro,Fernando Sanchez Drago,La prueba del laberinto
122,18,2,3,BBQ85547,Internacional,Narracion,Eduardo Galeano,Las venas abiertas de América Latina
122,18,2,3,NYN15634,Internacional,Narracion,Georges Simenon,El ahorcado de Saint Pholien
122,18,2,3,NBA89415,Internacional,Narracion,Tirso De Molina,El Burlador de Sevilla
122,18,2,3,AOB07294,Nacional,Poesia,Tomas Eloy Martinez,Purgatorio
122,18,2,3,WHS54665,Nacional,Narracion,Roberto Fontanarrosa,Usted no me lo va a creer
122,18,2,3,SYR48947,Internacional,Poesia,Nostradamus,Testamento
122,18,2,3,OAF50524,Internacional,Teatro,Michael Drosnin,El Codigo Secreto de la Biblia
122,18,2,3,NRF06765,Internacional,Narracion,Arthur C Clarke,Alba de Saturno
122,18,2,3,OKS40977,Internacional,Narracion,Deepak Chopra,Las 7 Leyes Espirituales del Exito
122,18,2,3,IUN90744,Internacional,Poesia,Fiodor Dostoieswki,Memorias del subsuelo
122,18,2,3,KDU70670,Internacional,Narracion,Guillermo Martínez,Crímenes imperceptibles
122,18,2,3,WGM34427,Nacional,Teatro,Macedonio Fernandez,Teorías
122,18,2,3,QDA48950,Nacional,Poesia,Adolfo Bioy Casares,La aventura de un fotógrafo en La Plata
122,18,2,3,VPX51249,Internacional,Teatro,Mario Benedetti,Viento Del Exilio
122,18,2,3,MXJ08106,Internacional,Poesia,Franz Kafka,El artista del hare
122,18,2,3,LXL01228,Nacional,Teatro,Osvaldo Bayer,Rebeldía y esperanza
122,18,2,3,PEH81466,Internacional,Poesia,John Mclaren,Conexion final v
122,18,2,3,WQD93854,Nacional,Poesia,Raul Gonzalez Tuñon,La rosa blindada
122,18,2,3,KII68063,Internacional,Teatro,Ernest Hemingway,La Breve Vida Feliz De Francis Macoer
122,18,2,3,BXF52192,Nacional,Poesia,Silvina Ocampo,La torre sin fin
122,18,2,3,NFQ13819,Internacional,Teatro,Isaac Asimov,La Tierra De Canaan
122,18,2,3,CMB25426,Internacional,Teatro,Charles Perrault,Cuentos
122,18,2,3,RWE50067,Nacional,Narracion,Jose Pablo Feinmann,Ultimos días de la víctima
122,18,2,3,KUM12967,Nacional,Poesia,Macedonio Fernandez,Adriana Buenos Aires última novela
122,18,2,3,SXP65863,Internacional,Narracion,Ken Bruen,Maderos
122,18,2,3,NNO98680,Internacional,Narracion,JRR Tolkien,El Hobbit
122,18,2,3,ERB74322,Internacional,Narracion,Bod Avakia,Comunismo y religion
122,18,2,3,SCC44893,Internacional,Teatro,Oscar Wilde,El retrato de dorian gray
122,18,2,3,NYW09402,Nacional,Teatro,Domingo Faustino Sarmiento,Instituciones sudamericanas
123,50,6,2,GQD50358,Nacional,Narracion,Alejandra Pizarnik,La tierra más ajena
123,50,6,2,MRJ63448,Internacional,Poesia,William Shakespeare,Enrique IV
123,50,6,2,OTZ12390,Internacional,Narracion,Agatha Christie,Asesinato En El Campo De Golf
123,50,6,2,PPC81584,Internacional,Narracion,Molly Cochran,El regreso del Rey Arturo
123,50,6,2,QFT50725,Internacional,Poesia,Roald Dahl,Perra
123,50,6,2,YDE95615,Internacional,Poesia,Thomas Greanias,El resurgir de la Atlántida
123,50,6,2,FDT62333,Internacional,Teatro,Paul Auster,Ciudad de Cristal
123,50,6,2,ELP40476,Internacional,Teatro,Roland Auguet,Crueldad Y Civilizacion
123,50,6,2,OPB61877,Internacional,Narracion,Eduardo Galeano,Humor Negro
123,50,6,2,IVF04423,Internacional,Poesia,Mario Vargas Llosa,Carta A Kenzaburo Oe
123,50,6,2,LNC45087,Internacional,Poesia,Miguel de Cervantes Saavedra,Casamiento engañoso
123,50,6,2,JMM76535,Nacional,Narracion,Juan Gelman,Si dulcemente
123,50,6,2,UFE30055,Nacional,Narracion,Jorge Luis Oviedo,La Turca
123,50,6,2,YPH53835,Internacional,Narracion,Fiodor Dostoieswski,El adolecente
123,50,6,2,ZFJ73143,Internacional,Narracion,Paul Sussman,El Enigma de Caises
123,50,6,2,GBI65077,Internacional,Narracion,Roald Dahl,El último acto
123,50,6,2,NWK62088,Nacional,Poesia,Paco Urondo,Poemas póstumos
123,50,6,2,JFD12602,Internacional,Narracion,Juan J Rousseau,El Contrato Social
123,50,6,2,MDJ06072,Internacional,Teatro,Manuel Azaña,Causas De La Guerra
123,50,6,2,SQB50324,Internacional,Poesia,Enrique Barrios,Ami Regresa
123,50,6,2,GOR06017,Internacional,Teatro,Miguel de Cervantes Saavedra,Trato de Argel
123,50,6,2,SUW51691,Nacional,Poesia,Miguel Cane,Charlas literarias
123,50,6,2,OGW49166,Nacional,Teatro,Jorge Luis Borges,El aleph
123,50,6,2,CUP15377,Internacional,Teatro,Aristóteles,Poética
123,50,6,2,ZRA67109,Internacional,Narracion,Ovidio,Las ponticas
123,50,6,2,WNI46604,Nacional,Poesia,Jorge Luis Borges,El libro de arena
123,50,6,2,OIO36102,Nacional,Poesia,Alfonsina Storni,La inquietud del rosal
123,50,6,2,QPI49045,Nacional,Poesia,Martin Caparros,No velas a tus cuerpos
123,50,6,2,HLR14222,Internacional,Poesia,Jonathan Black,Traficantes de armas
123,50,6,2,NRB54898,Internacional,Teatro,Rene Barjavel,La noche de los tiempos
123,50,6,2,CJD74829,Nacional,Narracion,Julio Cortazar,Final Del Juego
123,50,6,2,PKD16679,Internacional,Narracion,Louise Cooper,El Señor del Tiempo 1 – El iniciado
123,50,6,2,UHH39773,Internacional,Poesia,Jean Christophe Grange,El imperio de los lobos
123,50,6,2,IRD81945,Internacional,Poesia,Joy Fielding,La ultima pieza [rtf]
124,36,5,8,XHT80468,Internacional,Teatro,Mark Twain,El prí­ncipe y el mendigo
124,36,5,8,HCC38650,Internacional,Poesia,Magdalena Lasala,Maquiavelo el complot
124,36,5,8,HFE76754,Nacional,Poesia,Roberto Fontanarrosa,El mayor de mis defectos
124,36,5,8,QSI76248,Internacional,Teatro,Rubén Dario,Poemas
124,36,5,8,ISP60313,Nacional,Teatro,Ernesto Sábato,El Túnel
124,36,5,8,PDV10750,Nacional,Teatro,Roberto Fontanarrosa,Los trenes matan a los autos
124,36,5,8,FNT08593,Internacional,Narracion,Ovidio,Los amores
124,36,5,8,BPI95067,Nacional,Narracion,Martin Caparros,Comí
124,36,5,8,VEY71940,Nacional,Poesia,Roberto Fontanarrosa,Negar todo
124,36,5,8,GZG93286,Nacional,Narracion,Silvina Ocampo,La promesa
124,36,5,8,LUO05554,Nacional,Teatro,Paco Urondo,Lugares
124,36,5,8,ZWD08242,Nacional,Poesia,Felipe Pigna,Evita
124,36,5,8,PXF38330,Nacional,Poesia,Jose Pablo Feinmann,Carter Vietnam
124,36,5,8,SXN35488,Nacional,Teatro,Juan Filloy,¡Estafen!
124,36,5,8,PXX29996,Nacional,Teatro,David Viñas,Los años despiadados
124,36,5,8,GPN31513,Internacional,Teatro,Marco Tulio Cicerón,Bruto o de los ilustres oradores
124,36,5,8,KJL74515,Internacional,Teatro,Manuel Puig,El Beso de la Mujer Araña
124,36,5,8,RVC22892,Nacional,Narracion,Felipe Pigna,Los mitos de la historia argentina
124,36,5,8,ULA32771,Internacional,Narracion,José Ortega y Gasset,Ensayos
124,36,5,8,TWY18821,Nacional,Poesia,Tomas Eloy Martinez,La novela de Perón
124,36,5,8,TXC65342,Internacional,Poesia,Dan Brown,Angeles y demonios
124,36,5,8,AYU08167,Nacional,Narracion,Juan Filloy,Decio 8A
124,36,5,8,RQD88391,Internacional,Poesia,Jack Finney,Ahora y siempre
124,36,5,8,IUR64884,Nacional,Teatro,Ricardo Piglia,Blanco nocturno
124,36,5,8,BFY10812,Nacional,Narracion,Jorge Luis Borges,El hacedor
124,36,5,8,MUA10860,Internacional,Narracion,Ovidio,El Arte de amar
124,36,5,8,ERT54799,Internacional,Poesia,Jennifer Blake,Prisionera del deseo
124,36,5,8,KVE88507,Internacional,Narracion,Sixto Paz,Contacto Interdimensional
124,36,5,8,SRU23797,Internacional,Teatro,Juan Rulfo,Pedro Páramo
124,36,5,8,LFI63033,Internacional,Narracion,Neal Stephenson,Criptonomicon III – El Código Aretusa
124,36,5,8,ZAM55833,Nacional,Teatro,Jose Ingenieros,Emilio Boutroux y la filosofía francesa
124,36,5,8,JDU51517,Nacional,Teatro,Juan Filloy,L’Ambigú
124,36,5,8,KVC72490,Internacional,Narracion,H Beam Piper,Encuentro en Zaratustra
124,36,5,8,VRB62691,Internacional,Narracion,Caldwell, I Thomason D
124,36,5,8,QVU34703,Internacional,Narracion,Isaac Asimov,La Estrella De Belen
124,36,5,8,VBN85418,Nacional,Narracion,Arturo Jauretche,Pantalones Cortos
